eventid,iyear,imonth,iday,Date,country,Country,Longitude,Latitude,summary,# deaths
2.01E+11,2014,6,12,12-Jun-14,95,Iraq,43.668377,34.621521,"06/12/2014: Assailants abducted approximately 1686 soldiers from Camp Speicher in Tikrit city, Saladin governorate, Iraq. Two captives escaped custody and at least 1570, if not all of the remaining victims, are presumed dead. The Islamic State of Iraq and the Levant (ISIL) claimed responsibility and stated that the attacks were in revenge for the killing of ISIL leader Abdul-Rahman al-Beilawy.",1570
2.00E+11,2001,9,11,11-Sep-01,217,United States,-73.931351,40.697132,"09/11/2001: This was one of four related attacks that occurred in the United States that are known collectively as the 9/11 Terrorist Attacks. In the first attack, which occurred at 8:46 am local time, American Airlines Flight 11 crashed into the North Tower of the World Trade Center Complex in New York City, New York. Five hijackers belonging to Al-Qaida took control of the Boeing 767 aircraft on a flight originating from Logan International Airport in Boston, Massachusetts, and destined for Los Angeles International Airport. There were 76 passengers, 11 crew members and five hijackers on the plane, all of whom died upon impact. The North Tower collapsed at 10:28 a.m. local time after the South Tower had collapsed at 9:59 a.m. local time. At least 2,767 people died as a result of the attacks in New York City, including 10 hijackers as well as responders who contracted cancer and respiratory illnesses at the attack site and passed away years later. More than 16,000 others were injured. Al-Qaida leaders including Osama bin Laden and Khalid Shaikh Mohammed claimed responsibility for the attacks in multiple videotaped interviews.",1384
2.00E+11,2001,9,11,11-Sep-01,217,United States,-73.931351,40.697132,"09/11/2001: This was one of four related attacks that occurred in the United States that are known collectively as the 9/11 Terrorist Attacks. In the second of these attacks, which occurred at 9:03 a.m. local time, United Airlines Flight 175 crashed into the South Tower of the World Trade Center Complex in New York City, New York. Five hijackers belonging to Al-Qaida hijacked the Boeing 767 aircraft on a flight originating from Logan International Airport in Boston, Massachusetts, and destined for Los Angeles International Airport. There were 56 passengers, nine crew members and five hijackers on the plane, all of whom died upon impact. The South Tower collapsed at 9:59 a.m. local time, killing all who were trapped inside or located nearby. The North Tower collapsed, after having been struck by American Airlines Flight 11, at 10:28 a.m. local time. At least 2,767 people died as a result of the attacks in New York City, including 10 hijackers as well as responders who contracted cancer and respiratory illnesses at the attack site and passed away years later. More than 16,000 others were injured. Al-Qaida leaders including Osama bin Laden and Khalid Shaikh Mohammed claimed responsibility for the attacks in multiple videotaped interviews.",1383
1.99E+11,1994,4,13,13-Apr-94,168,Rwanda,30.332456,-1.932787,,1180
2.01E+11,2014,8,3,3-Aug-14,95,Iraq,41.861473,36.319386,"08/03/2014: Assailants attacked Yizidi civilians in Sinjar, Nineveh, Iraq. At least 953 people were killed and 5,350 people were abducted in the assault. At least 3,280 of the hostages kidnapped between this incident and a similar incident in Kojo on August 15, 2014 have been released as of May 20, 2018. The whereabouts of the remaining victims are unknown. This was one of three related incidents in Sinjar on this date and one of four attacks in early August 2014 comprising the Sinjar massacre. No group claimed responsibility; however, sources attributed the attack to the Islamic State of Iraq and the Levant (ISIL).",953
2.01E+11,2014,6,10,10-Jun-14,95,Iraq,42.964626,36.407394,"06/10/2014: Assailants stormed Badush prison in Badush city, Nineveh governorate, Iraq. The assailants separated the Shia and Sunni prisoners, releasing the Sunni inmates and killing 670 Shia prisoners. This was one of six coordinated incidents on the same day and one of three similar attacks targeting jails and prisons in the area. Islamic State of Iraq and the Levant (ISIL) claimed responsibility for the incidents.",670
2.02E+11,2017,10,14,14-Oct-17,182,Somalia,45.326115,2.059819,"10/14/2017: A suicide bomber detonated an explosives-laden truck outside the Safari Hotel at the K5 intersection in Hodan neighborhood, Mogadishu, Somalia. In addition to the assailant, at least 588 people, including three United States citizens, were killed and 316 people were injured in the blast. This was one of two coordinated suicide attacks in Mogadishu on this date; the assailants intended to target Aden Adde International Airport. Al-Shabaab claimed responsibility for the incidents.",588
2.00E+11,2004,3,21,21-Mar-04,141,Nepal,84.895897,27.959441,"03/21/2004: Nepalese Communist Party (Maoist) members attacked a small town in Bedi, Nepal. During the attack, the Maoists bombed a bridge, looted a state-owned bank, bombed local administrative offices, freed prisoners from a local jail, and bombed an airport. Government forces battled confronted Maoists in long battle, which reportedly killed 500 Maoists and 18 security personnel and wounded 200 Maoists and 16 security personnel.",518
2.01E+11,2014,8,19,19-Aug-14,200,Syria,38.998018,35.959198,"08/19/2014: Assailants attacked Tabqa Air Base in Raqqah governorate, Syria. In addition to 346 assailants, 171 soldiers were killed and 150 soldiers were abducted in the attack, which lasted for five days. An unknown number of hostages were killed; however, the fate of the remaining hostages is unknown. The Islamic State of Iraq and the Levant (ISIL) claimed responsibility for the incident.",517
2.02E+11,2016,12,10,10-Dec-16,200,Syria,38.293671,34.558525,"12/10/2016: Assailants, including suicide bombers, armed with explosives-laden vehicles, projectiles, and firearms, attacked Palmyra in Homs, Syria. At least 421 people, including 301 assailants, were killed and an unknown number of other people were injured in the ensuing clash that lasted until December 11, 2016. Additionally, an unknown number of people were abducted. At least 12 hostages were executed on January 19, 2017 while the fate of the remaining victims is unknown. The Islamic State of Iraq and the Levant (ISIL) claimed responsibility for the incident.",433
2.01E+11,2009,1,17,17-Jan-09,229,Democratic Republic of the Congo,29.168137,3.292111,"01/17/2009: On Saturday evening, in the village of Tora and Libombi, near Tora, Orientale, Democratic Republic of the Congo, assailants set fire to a church, killing hundreds of worshippers. The assailants then attacked residents of several homesteads with axes and similar weapons, killing several civilians at each homestead. The assailants also set fire to and damaged several residences and businesses. No group claimed responsibility, although it was widely believed the Lord's Resistance Army was responsible.",400
2.01E+11,2014,8,15,15-Aug-14,95,Iraq,41.91016,36.177341,"08/15/2014: Assailants attacked Yizidi civilians in Kojo, Nineveh, Iraq. At least 400 people were killed and 1,000 people were abducted in the assault. At least 3,280 of the hostages kidnapped between this incident and a similar incident in Sinjar on August 3, 2014 have been released as of May 20, 2018. The whereabouts of the remaining victims are unknown. This was one of four attacks in early August 2014 comprising the Sinjar massacre. No group claimed responsibility for the incident; however, sources attributed the attack to the Islamic State of Iraq and the Levant (ISIL).",400
2.02E+11,2016,7,3,3-Jul-16,95,Iraq,44.371773,33.303566,"07/03/2016: A suicide bomber detonated an explosives-laden vehicle at a shopping center in Karada neighborhood, Baghdad, Iraq. In addition to the bomber, at least 382 people were killed and 200 others were injured in the blast. The Islamic State of Iraq and the Levant (ISIL) claimed responsibility for the attack.",383
2.00E+11,1996,5,23,23-May-96,34,Burundi,29.450726,-3.016027,,375
2.00E+11,2004,9,1,1-Sep-04,167,Russia,44.541763,43.191626,"09/01/2004: A group of thirty to thirty-five armed Chechen and Ingush rebels, including men and women, many wearing suicide bomber belts, seized a school in Beslan in the Pravoberezhny district of North Ossetia, Russia. The perpetrators took approximately 1200 children, parents, and teachers hostage in the school gym. By the conclusion of the siege 727 people had been injured and approximately 344 had been killed.",344
2.00E+11,1998,2,1,1-Feb-98,186,Sri Lanka,80.377,9.380289,"02/01/1998: Sri Lankan troops beat back an assault by the Liberation Tamil Tigers if Eelam (LTTE), killing 300 guerrillas. Twenty soldiers were also killed and another 80 wounded in the five-hour battle near Kilinochchi, Sri Lanka, about 265 kilometers north of Colombo.",320
2.01E+11,2014,5,5,5-May-14,147,Nigeria,14.210929,12.359468,"05/05/2014: Assailants attacked residents and buildings with firearms and explosive devices in Gomboru Ngala town, Borno state, Nigeria. At least 315 people were killed, an unknown number were injured, and numerous buildings were destroyed in the attack. No group claimed responsibility for the incident; however, sources attributed the attack to Boko Haram.",315
2.02E+11,2017,11,24,24-Nov-17,60,Egypt,33.008587,31.016779,"11/24/2017: Assailants detonated an explosive device and opened fire on Al-Rawda mosque in Al-Rawda, Beir al-Abd, North Sinai, Egypt. At least 311 people were killed and 127 people were injured in the attack. The Sinai Province of the Islamic State claimed responsibility for the incident. In addition, the Sons of Jesus Movement claimed responsibility and stated that the attack was carried out in revenge for attacks targeting members of the Christian community, though sources questioned the veracity of this claim.",311
2.01E+11,2014,7,17,17-Jul-14,200,Syria,38.430948,34.608148,"07/17/2014: Assailants attacked National Defense Force soldiers and then the Shaer Gas Field in Homs governorate, Syria. In addition to 40 assailants, 270 people were killed, an unknown number of people were wounded, and an unknown number were taken hostage during the attack. The fate of the hostages is unknown. The Islamic State of Iraq and the Levant (ISIL) claimed responsibility for the incident.",310
2.00E+11,1996,7,20,20-Jul-96,34,Burundi,29.88518228,-3.261251993,,304
2.00E+11,1997,11,17,17-Nov-97,168,Rwanda,29.261201,-1.679123,,300
2.02E+11,2015,4,9,9-Apr-15,95,Iraq,41.115997,34.363503,"04/09/2015: Assailants executed 300 tribal civilians in Qaim, Al Anbar governorate, Iraq. No group claimed responsibility; however, sources attributed the attack to the Islamic State of Iraq and the Levant (ISIL).",300
2.02E+11,2016,2,7,7-Feb-16,95,Iraq,43.14357,36.354145,"02/07/2016: Assailants executed 300 civilian activists and security force members in Mosul, Nineveh, Iraq. No group claimed responsibility for the incident; however, sources attributed the attack to the Islamic State of Iraq and the Levant (ISIL).",300
2.01E+11,2014,7,17,17-Jul-14,214,Ukraine,38.639335,48.139156,"07/17/2014: Assailants launched a surface-to-air missile at a Malaysia Airlines aircraft, traveling from Amsterdam to Kuala Lumpur, near Hrabove, Donetsk, Ukraine. At least 298 people, including one United States citizen, were killed in the attack. The Donetsk People's Republic claimed responsibility for the incident; however, authorities questioned the veracity of this claim.",298
2.01E+11,2014,4,15,15-Apr-14,1004,South Sudan,29.800148,9.259689,"04/15/2014: Assailants attacked a mosque being used as a civilian shelter and abducted a number of people in Bentiu town, Unity state, South Sudan. At least 287 people were killed and 400 others were wounded in the attack. This was one of five attacks in Bentiu town on April 15, 2014. No group claimed responsibility for the incident; however, sources attributed the attack to the Sudan People's Liberation Movement in Opposition (SPLM-IO).",287
2.02E+11,2016,10,21,21-Oct-16,95,Iraq,43.14357,36.354145,"10/21/2016: Assailants abducted 284 civilians in Mosul, Nineveh, Iraq. All of the hostages were shot and killed in three waves at the Agricultural Facility in Mosul on October 22, 2016. No group claimed responsibility for the incident; however, sources attributed the attack to the Islamic State of Iraq and the Levant (ISIL).",284
2.02E+11,2016,8,19,19-Aug-16,1004,South Sudan,32.356095,7.181962,"08/19/2016: Assailants attacked Pajut, Jonglei, South Sudan. At least 250 assailants and 33 people, including civilians and soldiers, were killed and an unknown number were injured in the ensuing clash. No group claimed responsibility for the incident; however, sources attributed the attack to the Sudan People's Liberation Movement in Opposition (SPLM-IO).",283
2.02E+11,2015,5,21,21-May-15,200,Syria,38.293671,34.558525,"05/21/2015: Assailants executed at least 280 people, including government employees, Syrian Armed Forces (SAF) soldiers, Popular Committees members, and civilians in Palmyra, Homs governorate, Syria. The executions occurred over a four day period, lasting until May 25, 2015. No group claimed responsibility; however, sources attributed the attack to the Islamic State of Iraq and the Levant (ISIL).",280
2.00E+11,1998,8,3,3-Aug-98,45,Colombia,-72.64450662,4.187753877,"08/03/1998: In a series of related incidents, rebels belonging to the Fuerzas Armadas Revolucionarias de Colombia (FARC) and the National Liberation Army (NLA) conducted at least 42 attacks throughout the country on August 3 and August 4, 1998, leaving 275 dead and many wounded. The rebels targeted the Colombian government and military, oil lines and pumps, and private citizens. They also set off car bombs in city centers and villages. Nearly 30 soldiers and police were missing and presumably kidnapped.",275
2.00E+11,1997,12,10,10-Dec-97,168,Rwanda,29.381578,-1.587877,,271
2.02E+11,2017,4,21,21-Apr-17,4,Afghanistan,67.1157,36.70993,"04/21/2017: Assailants, including suicide bombers, attacked a military base in Mazari Sharif, Balkh, Afghanistan. At least 256 soldiers and 10 assailants were killed and 64 soldiers were injured in the ensuing clash. The Taliban claimed responsibility for the incident and stated that the attack was carried out in retaliation for the death of two Taliban members in the area. In addition, sources also suspected that the Haqqani Network may have been involved in the attack.",266
2.00E+11,2001,8,11,11-Aug-01,8,Angola,17.65176878,-12.16742406,08/11/2001: A mine placed by the National Union for the Total Independence of Angola (UNITA) derailed a train carrying refugees between Luanda and Dondo in Angola. The militants stopped the train with an anti-tank mine then fired at the train cars. Approximately 259 people were killed outright or died later from the attack and more than 160 were wounded.,259
2.00E+11,1997,8,28,28-Aug-97,6,Algeria,3.124495,36.612427,,256
2.01E+11,2007,8,14,14-Aug-07,95,Iraq,41.687168,36.202354,"08/14/2007: Four coordinated vehicle bombs killed at least 500 and and injured 1500 in the towns of Qahtaniya and Jazeera, Iraq. The blasts targeted minority Yazidis, who speak a dialect of Kurdish and follow a pre-Islamic religion. The exact locations of the explosions within each town were not reported, but rescue workers report that 80 percent of the villages were destroyed or damaged. No group claimed responsibility for the attack, but authorities blamed al Qaida in Iraq.",250
2.01E+11,2007,8,14,14-Aug-07,95,Iraq,41.591599,36.183247,"08/14/2007: Four coordinated vehicle bombs killed at least 500 and and injured 1500 in the towns of Qahtaniya and Jazeera, Iraq. The blasts targeted minority Yazidis, who speak a dialect of Kurdish and follow a pre-Islamic religion. The exact locations of the explosions within each town were not reported, but rescue workers report that 80 percent of the villages were destroyed or damaged. No group claimed responsibility for the attack, but authorities blamed al Qaida in Iraq.",250
2.02E+11,2016,4,21,21-Apr-16,95,Iraq,43.14357,36.354145,"04/21/2016: Assailants executed 250 women in Mosul, Nineveh, Iraq. No group claimed responsibility for the incident; however, sources attributed the attack to the Islamic State of Iraq and the Levant (ISIL), stating that the victims had refused to marry ISIL members.",250
2.02E+11,2015,9,28,28-Sep-15,4,Afghanistan,68.87706,36.705776,"09/28/2015: Assailants raided Kunduz city, Afghanistan. The assailants attacked civilians and security force members, stormed the prison and released more than 500 inmates, set fire to an unknown number of buildings, and gained control of the city. At least four people and 20 assailants were killed and 50 people were injured during the preliminary raid. Clashes continued until security forces regained control of Kunduz on October 1, 2015. After four days of fighting, 40 people and 200 assailants were reported dead and 296 people were injured. This was one of three coordinated attacks in Kunduz on the same day. The Taliban claimed responsibility for the incident.",240
2.02E+11,2015,4,25,25-Apr-15,146,Niger,13.378458,14.015,"04/25/2015: Assailants attacked a military base and residential areas in Karamga, Lake Chad area, Diffa region, Niger. At least 46 soldiers, 28 civilians, and 156 assailants were killed and nine soldiers and an unknown number of assailants were injured in the attack. No group claimed responsibility for the incident; however, sources attributed the attack to Boko Haram.",230
2.02E+11,2017,3,17,17-Mar-17,95,Iraq,43.14357,36.354145,"03/17/2017: Assailants stormed a residential building and took civilians hostages in Maawsil al-Jadidah neighborhood, Mosul, Nineveh, Iraq. The assailants then planted explosives-laden vehicles around the houses and positioned snipers on the rooftops to target security forces. A United States airstrike hit the houses, detonating the vehicles. An unknown number of hostages were killed in the blasts and subsequent building collapse. No group claimed responsibility; however, sources attributed the attack to the Islamic State of Iraq and the Levant (ISIL).",230
2.00E+11,1998,8,7,7-Aug-98,104,Kenya,36.821107,-1.28518,"08/07/1998: Suicide attackers detonated a vehicle bomb outside of the United States Embassy in Nairobi, Kenya, killing 224 people, including 12 Americans. Four thousand people were also injured in the attack, which was perpetrated by Al-Qaida.",224
2.02E+11,2015,10,31,31-Oct-15,60,Egypt,34.173178,30.169854,"10/31/2015: An explosive device detonated on a Kogalymavia passenger flight traveling from Sharm el-Sheikh, Egypt to Saint Petersburg, Russia. The plane crashed in North Sinai, Egypt, killing all 224 people on board. The Sinai Province of the Islamic State claimed responsibility for the attack.",224
2.01E+11,2014,3,14,14-Mar-14,147,Nigeria,13.141459,11.840929,"03/14/2014: Assailants attacked the Giwa Army Barracks and a University of Maiduguri hostel in Maiduguri city, Borno state, Nigeria. At least 207 assailants and five other people, including soldiers and at least one student, were killed and an unknown number of people were wounded in the attack. An unknown number of prisoners, who were being held at the base, were freed as a result of the attack. Boko Haram claimed responsibility for the incident.",212
2.01E+11,2012,3,4,4-Mar-12,228,Yemen,45.385571,13.129726,"03/04/2012: Assailants attacked an army base on the outskirts of Zinjibar city, Abyan governorate, Yemen. Over the course of the attack, 25 assailants and 185 soldiers were killed, and 73 soldiers were kidnapped. The kidnapped men were released on April 28, 2012. Al-Qa'ida in the Arabian Peninsula (AQAP) claimed responsibility for the incident.",210
2.02E+11,2015,2,24,24-Feb-15,147,Nigeria,14.210929,12.359468,"02/24/2015: Assailants attacked Chadian Multinational Joint Task Force (MNJTF) positions near Gambaru, Borno, Nigeria. In addition to an unknown number of assailant casualties, at least one soldier was killed and nine soldiers were injured in the ensuing clash. No group claimed responsibility for the incident; however, sources attributed the attack to Boko Haram.",208
2.00E+11,1997,12,30,30-Dec-97,6,Algeria,1.733611,36.200833,,206
2.00E+11,1997,12,30,30-Dec-97,6,Algeria,0.918889,35.961111,,206
2.01E+11,2006,11,23,23-Nov-06,95,Iraq,44.371773,33.303566,"11/23/2006: Five car bombs exploded, three suicide bombs and two detonated in parked cars, and two mortars struck Sadr City, the Shi i slum in Baghdad, Iraq, killing 202 and injuring 257. The car bombs exploded at 15 minute intervals while the mortars struck at the same time. The car bombs struck Jamila market, al-Hay market and al-Shahidein Square, while the mortars landed in al-Shahidein Square and Mudhafar Square; there were no security forces present at the bombing sites. No group immediately claimed responsibility for the attacks.",205
2.01E+11,2014,9,17,17-Sep-14,147,Nigeria,13.412932,11.655408,"09/17/2014: Assailants attacked Konduga town, Borno state, Nigeria. At least 201 assailants were killed in the attack. No group claimed responsibility for the incident; however, sources attributed the attack to Boko Haram.",201
2.01E+11,2014,11,6,6-Nov-14,214,Ukraine,37.762325,47.981647,"11/06/2014: Assailants opened fire on the airport in Donetsk city, Donetsk oblast, Ukraine. One paratrooper and 200 assailants were killed in the attack. The Donetsk People's Republic claimed responsibility for the incident, stating that they had been attempting to repel an attack by the military.",201
2.00E+11,1996,4,26,26-Apr-96,34,Burundi,29.88518228,-3.261251993,,200
2.00E+11,1998,1,11,11-Jan-98,6,Algeria,2.655846472,28.35096974,"01/11/1998: In one of two linked incidents, member of the Armed Islamic Group (GIA) threw an explosive device into a mosque, then gunned down survivors as they were fleeing. The exact number of casualties resulting from this and the related incident was unknown with estimates of civilians killed ranging betweeen 120 and 400.",200
2.00E+11,2000,3,17,17-Mar-00,213,Uganda,30.065281,0.066857,03/17/2000:  Followers of the Movement for the Restoration of the Ten Commandments of God were killed when they drank tea tainted with an unknown chemical.  The attack killed 200 followers in the Kasese District of Uganda.,200
2.01E+11,2006,5,12,12-May-06,147,Nigeria,3.165647,6.418291,"05/12/2006: An unknown number of members of the Movement for the Emancipation of the Niger Delta (MEND) used explosives to blow up an oil pipline killing 200 in Atlas Creek Island, Nigeria.",200
2.01E+11,2014,4,5,5-Apr-14,147,Nigeria,6.534444,12.124167,"04/05/2014: Assailants opened fire on community leaders and residents that were meeting in Galadima village, Zamfara state, Nigeria. At least 200 people were killed and an unknown number were injured in the attack. No group claimed responsibility for the incident; however, sources attributed the attack to Fulani assailants.",200
2.01E+11,2014,5,13,13-May-14,147,Nigeria,14.480833,12.046389,"05/13/2014: Assailants attacked residents and buildings in Tsangayari village, Kalabalge district, Borno state, Nigeria. Residents repelled the attack, killing approximately 200 assailants. This was one of three coordinated attacks in district villages by the same assailants. No group claimed responsibility for the incidents; however, sources attributed the attacks to Boko Haram.",200
2.02E+11,2015,4,23,23-Apr-15,200,Syria,36.295017,35.791836,"04/23/2015: Assailants attacked and killed at least 200 civilians in Ishtabraq, Idlib governorate, Syria. This was one of four related incidents in the area on the same day. The attacks lasted until April 25, 2015. Additionally, at least 100 people, including government soldiers, militia fighters, and their families, were abducted across all four incidents and their whereabouts are unknown. Ansar al-Din Front claimed responsibility for the attack. However, sources attributed the incident to Al-Nusrah Front.",200
2.02E+11,2017,6,4,4-Jun-17,95,Iraq,42.448875,36.376823,"06/04/2017: Assailants abducted 200 Turkmen civilians from Tal Afar, Nineveh, Iraq. The hostages were executed on July 4, 2017. No group claimed responsibility for the incident; however, sources attributed the attack to the Islamic State of Iraq and the Levant (ISIL).",200
2.00E+11,2001,9,11,11-Sep-01,217,United States,-77.100006,38.878742,"09/11/2001: This was one of four related attacks that occurred in the United States that are known collectively as the 9/11 Terrorist Attacks. In the third of these attacks, which occurred at 9:37 am local time, American Airlines Flight 77 crashed into the Pentagon in Arlington, Virginia. Five hijackers belonging to Al-Qaida hijacked the Boeing 757 aircraft on a flight from Washington Dulles International Airport to for Los Angeles International Airport and proceeded to fly the plane into the western side of the Pentagon. At least 190 people died as a result of the attack at the Pentagon. There were 53 passengers, six crew members and five hijackers on the plane, all of whom died on impact. In addition, 125 people died in the Pentagon due to the impact or in the resulting fire, and at least one first responder died as a result of illness contracted due to exposure to contaminants at the attack site. Al-Qaida leaders including Osama bin Laden and Khalid Shaikh Mohammed claimed responsibility for the attacks in multiple videotaped interviews.",190
2.02E+11,2016,10,26,26-Oct-16,95,Iraq,43.2551,36.158558,"10/26/2016: Assailants executed 190 people in Hammam al-Alil, Nineveh, Iraq. No group claimed responsibility for the incident; however, sources attributed the attack to the Islamic State of Iraq and the Levant (ISIL).",190
2.01E+11,2006,7,11,11-Jul-06,92,India,72.877656,19.075984,"07/11/2006: A series of train bombings killed at least 188 civilians in Mumbai, India. The train bombing injured another 817 others injured in a string of seven blasts that spanned 56 kms, from Churchgate to Mira Road. One of the 13 arrested suspects, Asif Bashir Khan alias Junaid, emerged as the chief operative of the militant outfit, Lashkar-e Taiba. Fifteen others remained wanted at the time, including nine Pakistani nationals.",188
2.01E+11,2009,7,5,5-Jul-09,44,China,87.616823,43.825645,"07/05/2009: On Sunday, Muslim Uighurs rampaged through the streets and attacked Han Chinese in Urumqi, the capital of China's north-west Xinjiang region. The protestors began attacking ethnic Han pedestrians, burning vehicles and attacking buses with batons and rocks. Sources report that protestors from the Uighur Muslim ethnicity took to the street carrying knives, wooden batons, bricks and stones. Updated reports maintain a death toll of 184, 137 of which were Han Chinese, 46 Uighur, and one of Hui ethnicity. The number of people injured in ethnic violence in China's Urumqi has risen to 1,650. Reports did not say whether any of the dead were killed by security forces.",184
2.01E+11,2014,12,11,11-Dec-14,37,Cameroon,14.126195,11.236522,"12/11/2014: Assailants opened fire on security forces in Am Chide town, Extreme-North region, Cameroon. At least 180 attackers were killed when soldiers returned fire. No group claimed responsibility; however, sources attributed the incident to Boko Haram.",180
2.02E+11,2015,6,25,25-Jun-15,200,Syria,38.350204,36.886497,"06/25/2015: Assailants detonated an explosives-laden vehicle near the Syrian Border Police border crossing in Kobani, Aleppo governorate, Syria. Following the blast, assailants stormed the town and detonated two more explosives-laden vehicles and also opened fire on security forces. At least 174 people, including security forces, civilians, and 54 assailants, were killed and more than 200 people were injured in the attack. This was one of two related incidents in and around Kobani on the same day. The Islamic State of Iraq and the Levant (ISIL) claimed responsibility for the attacks.",174
2.02E+11,2015,8,13,13-Aug-15,147,Nigeria,11.919165,11.611388,"08/13/2015: Assailants opened fire on residents in Kukuwa-Gari village, Yobe state, Nigeria. At least 160 people were killed by gunfire or drowning as they tried to escape by jumping in a nearby river. In addition, 14 assailants were killed following the raid. No group claimed responsibility for the incident; however, sources attributed the attack to Boko Haram, noting the assault was likely reprisal for the death of two Boko Haram members.",174
1.99E+11,1994,4,24,24-Apr-94,168,Rwanda,29.736193,-2.607735,,170
2.00E+11,2002,4,11,11-Apr-02,141,Nepal,82.330002,27.930484,"04/11/2002: A group of rebel Maoists attacked the Nepal Armed Police Force outpost near Sadbariya in the Dang District. 84 police officers, four civilians, and approximately 62 rebels were killed in the attack. The exact motive is unknown.",170
2.00E+11,2002,10,23,23-Oct-02,167,Russia,37.579914,55.751377,"10/23/2002: Forty Chechen rebels attacked Dubrovka Theater in Moscow, Russia and took 912 hostages.  The assailants demanded a complete pullout of all Russian military forces from Chechnya in exchange for the release of the hostages.  The siege lasted until 26 October 2002, when Russian special forces filled the building with an unidentified gas intended to subdue the perpetrators. The gas killed all 40 perpetrators and 125 hostages. Five additional hostages were killed by the attackers during a shoot-out.",170
2.00E+11,1995,4,19,19-Apr-95,217,United States,-97.520354,35.472015,,168
2.02E+11,2017,6,1,1-Jun-17,95,Iraq,43.14357,36.354145,"06/01/2017: Snipers opened fire on fleeing civilians in Zanjili neighborhood, Mosul, Iraq. At least 163 people were killed in the assault. This was one of two attacks targeting fleeing civilians in Zanjili on the same day. The Islamic State of Iraq and the Levant (ISIL) claimed responsibility for the incidents.",163
2.01E+11,2005,9,14,14-Sep-05,95,Iraq,44.371773,33.303566,"09/14/2005: A rash of more than a dozen of bombs rocked Baghdad beginning shortly after dawn and continuing until about 4 p.m. The explosions took place mainly in the heavily Shi i neighborhood of Kazimiyah where laborers had gathered shortly after dawn. At least 160 people were killed and another 570 were wounded. A senior US military official said the bombings could have been retaliation for the joint U.S.-Iraqi sweep through the northern city of Tal Afar to evict insurgents from their strongholds there. Al-Qaida in Iraq posted a statement on a website claiming responsibility for the attack.  However, the authenticity of the claim had not been confirmed.",160
2.01E+11,2008,2,2,2-Feb-08,42,Chad,15.0284,12.126693,"2/2/2008: Chadian rebels attacked the capital city of N'Djamena, in N'Djamena region, Chad.  The rebels engaged in three days of fighting with military forces, finally agreeing to a cease-fire on February 5, 2008.  Hundreds of civilians and an unknown number of rebels and military personnel were killed in the attack; more than one thousand people were wounded.  Stores and businesses in the downtown sector were looted, as were the parliament buildings and the state broadcasting station.  Approximately 20,000 residents fled the city during the assault.  The rebels entered the city with the intention of toppling President Deby; they directed their attack towrds the presidential palace.",160
2.01E+11,2014,12,16,16-Dec-14,153,Pakistan,71.53743,34.006004,"12/16/2014: Assailants detonated an explosives-laden vehicle and then stormed the Army Public School in Peshawar city, Khyber Pakhtunkhwa province, Pakistan. At least 151 students and staff were killed and more than 120 other people were injured in the attack. Additionally, all seven assailants were either killed by security forces or detonated their explosives-laden vests. Finally, several explosive devices planted in the school by the assailants were defused after the attack. Tehrik-i-Taliban Pakistan (TTP) claimed responsibility for the incident, stating that it was revenge for Operation Zarb-e-Azb in North Waziristan. The Mullah Fazlullah Group also claimed responsibility for the attack.",158
2.02E+11,2016,10,3,3-Oct-16,4,Afghanistan,68.87706,36.705776,"10/03/2016: Assailants attacked Kunduz city, Kunduz, Afghanistan. At least 154 people were killed and 120 people were injured in the ensuing clashes which lasted until October 9, 2016. The casualties included assailants, security forces, and civilians. The Taliban claimed responsibility for the incident and demanded that the United States remove all American armed forces from Afghanistan.",154
2.01E+11,2007,3,27,27-Mar-07,95,Iraq,42.448875,36.376823,"03/27/2007: In one of two truck bombings carried out by suspected Sunni militants in Tal Afar, Iraq, 152 people were killed and 347 were wounded when a truck containing flour exploded near a wholesale market on the city's north side.  No claim of responsibility was reported.",153
2.01E+11,2012,11,15,15-Nov-12,229,Democratic Republic of the Congo,29.254875,-1.131175,"11/15/2012: Assailants attacked military troops in the Kibumba area of North Kivu province, Democratic Republic of the Congo. Approximately 151 assailants and two soldiers were killed. In addition, seven soldiers and an unknown number of assailants were injured in the ensuing clash. M23 claimed responsibility for the incident.",153
2.02E+11,2017,9,28,28-Sep-17,200,Syria,37.244217,34.227745,"09/28/2017: Assailants, including suicide bombers in explosives-laden vehicles, attacked Syrian Army soldiers in Qaryatayn, Homs, Syria. At least 153 soldiers were killed and an unknown number of other soldiers were injured in the ensuing clash, which lasted until October 2, 2017. There were also an unknown number of assailant casualties in the incident. No group claimed responsibility; however, sources attributed the attack to the Islamic State of Iraq and the Levant (ISIL).",153
2.02E+11,2015,4,2,2-Apr-15,104,Kenya,39.661028,-0.452179,"04/02/2015: Assailants armed with grenades and firearms attacked students at Garissa University College in Garissa city, Garissa county, Kenya. The assailants targeted the Christian and non-Muslim students, executing them and holding them hostage for 13 hours before security forces succeeded in ending the siege. At least 152 people, including 142 students, six security personnel, and all four assailants, were killed and 104 others were injured in the assault. Al-Shabaab claimed responsibility and stated that the attack was carried out in retaliation for Kenya's military involvement in Somalia.",152
2.01E+11,2014,5,13,13-May-14,147,Nigeria,14.343351,11.929978,"05/13/2014: Assailants attacked residents and buildings in Garawa village, Kalabalge district, Borno state, Nigeria. Residents repelled the attack, killing approximately 151 assailants. This was one of three coordinated attacks in district villages by the same assailants. No group claimed responsibility for the incidents; however, sources attributed the attacks to Boko Haram.",151
2.02E+11,2017,3,29,29-Mar-17,95,Iraq,42.874607,36.388819,"03/29/2017: Assailants attacked the Iraqi Volunteer Forces frontlines between Tal Afar district and Al Qayrawan subdistrict in Nineveh, Iraq. Security forces repelled the assault, killing more than 150 assailants. No group claimed responsibility; however, sources attributed the attack to the Islamic State of Iraq and the Levant (ISIL).",151
2.00E+11,2001,1,7,7-Jan-01,4,Afghanistan,66.966667,34.733333,"1/7/2001: Taliban militia regained control of Yakawlang town, Bamyan, Afghanistan.  For the next three days, the Taliban proceeded to go from house to house, gathering and shooting the local men.  Reports indicate that at least 170 people were killed in the attack.  Sources indicate that the orders for the massacre came from Taliban leader Mullah Mohammed Omar; Omar denies the incident took place.",150
2.01E+11,2007,7,7,7-Jul-07,95,Iraq,44.584908,34.726269,07/07/2007: The largest suicide bombing of the Iraq war to date was set off in the small village of Amerli in the Diyala Governorate of Iraq.  Over 150 people were killed and 250 wounded in the truck bomb attack on the Turkomen village.  Fifty homes were destroyed in the attack where many people were trapped beneath the rubble.  No claim of responsibility was reported.,150
2.01E+11,2014,9,7,7-Sep-14,95,Iraq,43.14357,36.354145,"09/07/2014: Assailants executed 150 former security members in Mosul city, Nineveh governorate, Iraq. No group claimed responsibility; however, sources attributed the attack to the Islamic State of Iraq and the Levant (ISIL).",150
2.01E+11,2014,10,29,29-Oct-14,95,Iraq,43.295662,33.420948,"10/29/2014: Assailants kidnapped 150 members of the Albu Nimr tribe from villages near Ramadi city, Al Anbar governorate, Iraq. The victims were executed and buried in Albu Ali al-Jasim area. No group claimed responsibility for the incident; however, sources attributed the attack to Islamic State of Iraq and the Levant (ISIL).",150
2.01E+11,2014,12,16,16-Dec-14,95,Iraq,43.784199,33.349159,"12/16/2014: Assailants killed 150 women in Fallujah city, Al Anbar governorate, Iraq. No group claimed responsibility for the incident; however, sources attributed the attack to Islamic State of Iraq and the Levant (ISIL), noting that the victims had refused to engage in a jihad marriage.",150
2.01E+11,2007,3,30,30-Mar-07,95,Iraq,42.448875,36.376823,"03/30/2007: Shortly after bombings in Tal Afar, Iraq, militias retaliated and stormed houses of the residents of Al-Wihdah neighborhood at night, detained them outside and executed them. The events lead to the deaths of 190 people and 40 kidnapped.  No claim of responsibility was reported.",145
2.01E+11,2007,3,30,30-Mar-07,95,Iraq,42.448875,36.376823,"03/30/2007: In the Tal Afar District of Iraq, several booby-trapped cars blew up in residential areas, leading to revenge killings later that day. The events lead to the deaths of 190 people.  No claim of responsibility was reported.",145
2.02E+11,2015,1,12,12-Jan-15,37,Cameroon,14.013976,11.162543,"01/12/2015: Assailants opened fire on a military base in Kolofata town, Extreme-North region, Cameroon. One soldier and 143 assailants were killed and four soldiers were injured in the attack. No group claimed responsibility for the incident; however, sources attributed the attack to Boko Haram.",144
2.02E+11,2015,2,4,4-Feb-15,37,Cameroon,14.224362,12.379026,"02/04/2015: Assailants attacked residents, soldiers, and buildings in Fotokol town, Cameroon. At least 94 people, including soldiers and civilians, and 50 assailants were killed in the ensuing clash. In addition, mosques, houses, and vehicles were set on fire. No group claimed responsibility; however, sources attributed the incident to Boko Haram.",144
2.02E+11,2015,8,10,10-Aug-15,214,Ukraine,37.780678,47.541172,"08/10/2015: Assailants attacked Ukrainian soldiers with artillery and tanks near Starohnativka, Donetsk oblast, Ukraine. At least seven Ukrainian soldiers were killed and 30 Ukrainian soldiers were wounded, and 136 assailants were killed. The Donetsk People's Republic claimed responsibility for the incident.",143
2.01E+11,2013,9,17,17-Sep-13,147,Nigeria,12.49035,11.80378,"09/17/2013: Gunmen in military fatigues set up illegal checkpoints and attacked civilians in Beni Shiek village, Borno state, Nigeria. At least 142 people were killed and an unknown number of people were injured. Boko Haram claimed responsibility for the incident and stated that the group would not allow democracy to thrive.",142
2.02E+11,2016,1,15,15-Jan-16,182,Somalia,41.867161,3.03626,"01/15/2016: Multiple suicide bombers in explosives-laden vehicles and on foot detonated at an African Union Mission in Somalia (AMISOM) base of Kenyan soldiers in Ceel Cadde, Gedo region, Somalia. Following the blasts, several assailants armed with projectiles and firearms then attempted to storm the base. At least 141 soldiers and an unknown number of assailants were killed and an unknown number of people were injured in the attack. Furthermore, at least five solders were abducted. One of the hostages was killed on August 5, 2017; the whereabouts of the remaining hostages are unknown. Al-Shabaab claimed responsibility for the incident.",142
2.01E+11,2007,10,18,18-Oct-07,153,Pakistan,67.143311,24.891115,"10/18/2007: Approximately 139 Pakistanis were killed, more than 250 others were wounded, and at least three police vans and several other vehicles were destroyed when one suspected Harkatul Jihad-e-Islami (HUJI) perpetrator threw a grenade and a suicide bomber immediately detonated a vehicle-borne improvised explosive device (VBIED) at approximately 12:52 AM adjacent to a homecoming procession for exiled former Pakistani Prime Minister Benazir Bhutto in Karsaz neighborhood, Karachi, Sindh Province, Pakistan.",141
2.02E+11,2017,5,18,18-May-17,113,Libya,14.263774,27.648401,"05/18/2017: Assailants attacked Brak al-Shati Airbase near Brak, Wadi Al Shatii, Libya. At least 141 people, including soldiers and civilians, were killed during the assault or were executed shortly after. The Misrata Third Force, a subgroup of the Misrata Brigades, claimed responsibility for the incident and stated that the assault was carried out in retaliation for attacks against an air base controlled by the group. The Benghazi Defense Brigades (BDB) separately claimed responsibility for the attack.",141
2.00E+11,2002,5,7,7-May-02,141,Nepal,82.648344,28.381562,05/07/2002: Maoist insurgents attacked police and army posts in Nepal’s Rolpa District killing a total of 140 security personnel. 105 policemen and 35 army soldiers died in the fighting. No group claimed responsibility for the attacks.,140
2.00E+11,1997,3,19,19-Mar-97,34,Burundi,29.194196,-2.961686,,135
2.01E+11,2008,5,10,10-May-08,195,Sudan,32.480719,15.648287,"05/10/2008: On Saturday, Justice and Equality Movement (JEM) militants attacked Omdurman, Al Khartum, Sudan and killed 100  soldiers and 34 civilians.  Two of the civilians were Egyptian.",134
2.02E+11,2017,5,8,8-May-17,41,Central African Republic,21.209995,5.037831,"05/08/2017: Assailants attacked civilians in Alindao, Basse-Kotto, Central African Republic. At least 130 people were killed and an unknown number of people were injured in the assault. An unknown number of civilians were also abducted, and the outcome of the kidnapping is unknown. No group claimed responsibility for the incident; however, sources attributed the attack to the Union for Peace in Central Africa (UPC).",133
2.02E+11,2016,10,29,29-Oct-16,95,Iraq,43.2551,36.158558,"10/29/2016: Assailants kidnapped and executed 130-145 former police officers near Hammam al-Alil, Nineveh, Iraq. No group claimed responsibility for the incident; however, sources attributed the attack to the Islamic State of Iraq and the Levant (ISIL).",130
2.00E+11,2001,4,9,9-Apr-01,8,Angola,15.407738,-8.762212,"04/09/2001: National Union for the Total Independence of Angola (UNITA) militants ambushed Angolan troops in Samba Caju, Angola, killing 120 soldiers and seizing military armor and equipment.",129
2.02E+11,2017,10,2,2-Oct-17,200,Syria,37.244217,34.227745,"10/02/2017: Assailants overtook the town and abducted approximately 128 residents in Qaryatayn, Homs, Syria. All 128 hostages were executed by the assailants over the next 19 days before the town was retaken by security forces on October 21, 2017. No group claimed responsibility; however, sources attributed the attack to the Islamic State of Iraq and the Levant (ISIL).",128
2.01E+11,2007,4,18,18-Apr-07,95,Iraq,44.371773,33.303566,"04/18/2007: At least 127 people died and 148 were wounded when a car bomb exploded in Sadriyah market in Baghdad, Iraq where buses were picking up passengers. The U.S. military suspects that al-Qaida in Iraq was responsible for the attack that also damaged local shops and vehicles in the area.  No claim of responsibility was reported.",127
2.02E+11,2017,4,15,15-Apr-17,200,Syria,37.14352,36.201721,"04/15/2017: A suicide bomber detonated an explosives-laden vehicle near an evacuation bus convoy in Rashidin neighborhood, Aleppo, Syria. In addition to the assailant, at least 126 people were killed and 55 other people were injured in the blast; the victims included aid workers, Ahrar al-Sham members, and civilians. Jaysh al-Islam (Syria) claimed responsibility for the attack. Sources also attributed the incident to Hay'at Tahrir al-Sham and suspected the involvement of Ahrar al-Sham.",127
2.02E+11,2015,1,29,29-Jan-15,37,Cameroon,14.224362,12.379026,"01/29/2015: Assailants attacked a Chadian military contingent near Fotokol town, Extreme-North region, Cameroon. At least three soldiers and 123 assailants were killed and 12 soldiers were injured in the ensuing clash. No group claimed responsibility; however, sources attributed the incident to Boko Haram.",126
2.00E+11,1997,8,21,21-Aug-97,168,Rwanda,29.261201,-1.679123,,124
2.00E+11,1996,11,23,23-Nov-96,65,Ethiopia,38.773226,8.977146,"11/23/1996: Three men hijacked Ethiopian Airlines 767 while it was en route from Addis Ababa, Ethiopia, to Abidjan, Côte d'Ivoire.  The hijackers demanded to be taken to Australia, despite the pilot's warnings that the plane was running low on fuel.  The plane crashed 16 kilometers from Moroni airport, about one kilometer off shore.  Of the 175 people on board the plane, at least 123 were killed in the crash.  Two of the three hijackers survived and were taken into custody.  The specific motive behind the incident is unknown.",123
2.01E+11,2013,7,22,22-Jul-13,200,Syria,37.042728,36.170666,"07/22/2013: Assailants attacked soldiers and civilians in the town of Khan al-Assal, Aleppo governorate, Syria. The attack, which lasted two days, resulted in 123 deaths and an unknown number of injuries. Al-Nusrah Front claimed responsibility for this attack.",123
2.01E+11,2014,11,28,28-Nov-14,147,Nigeria,8.50026,11.974328,"11/28/2014: Two suicide bombers and a roadside bomb detonated at the Grand Mosque in Kano city, Kano state, Nigeria. Assailants opened fire on worshippers fleeing the explosions. In addition to the assailants, at least 120 people were killed and 270 people were injured in the attack. No group claimed responsibility for the incident; however, sources attributed the attack to Boko Haram.",122
2.00E+11,1995,6,14,14-Jun-95,167,Russia,44.165833,44.783889,,121
2.02E+11,2015,7,17,17-Jul-15,95,Iraq,44.547424,33.573486,"07/17/2015: A suicide bomber in an explosives-laden vehicle detonated at a market in Bani Saad, Diyala governorate, Iraq. In addition to the assailant, 120 people were killed and 130 people were injured in the blast. The Islamic State of Iraq and the Levant (ISIL) claimed responsibility for the incident and stated that the attack was carried out in revenge for the deaths of members of the Sunni Muslim community in Hawija.",121
2.00E+11,1998,4,22,22-Apr-98,34,Burundi,29.899354,-3.57293,"04/22/1998: Seventy-three people were killed by unknown assailants between the Communes of Bandaguro and Rubingo, Burundi. Forty-seven of the perpetrators were killed by security forces. Information regarding any injuries or damage were not reported.",120
2.01E+11,2007,2,3,3-Feb-07,95,Iraq,44.371773,33.303566,"02/03/2007: 120 civilians were killed in a bombing attack on a market Baghdad, Iraq. The perpetrators of this incident were unknown.  No claim of responsibility was reported.",120
2.01E+11,2009,10,28,28-Oct-09,153,Pakistan,71.53743,34.006004,"10/28/2009: On Wednesday afternoon, at about 1300, in People's Mandi, Peshawar, North West Fontier Province, Pakistan, assailants detonated a remote-controlled vehicle-borne improvised explosive device at the crowded Mina Bazaar market, killing 120 civilians and children, injuring 200 others, and damaging at least 50 shops, 50 vehicles, several residences, several buildings, and a nearby mosque. The probable motive for the attack was in revenge for the Pakistan army's offensive against Taliban fighters in South Waziristan. No group has claimed responsibility for the attack, but the Taliban is thought to be responsible.",120
2.00E+11,2002,5,2,2-May-02,45,Colombia,-76.972222,6.521111,"05/02/2002: Suspected members of the Fuerzas Armadas Revolucionarias de Colombia (FARC)threw a gas cylinder mortar bomb at a church in Bojaya, Colombia. The force of the explosion destroyed the church and nearby mud huts. 119 people were killed and another 80 were injured in the explosion. The church bombing appeared to be a mistaken target as the FARC was battling paramilitary forces in the region for several days prior to the incident. The Colombian government blamed the FARC, but the United Nations also held paramilitary forces and the Government of Colombia responsible for the incident along with the FARC.",119
2.00E+11,1999,9,13,13-Sep-99,167,Russia,37.579914,55.751377,"09/13/1999: Chechen rebels were suspected of the bombing of an apartment building at 6 Kashirskoye Highway in Moscow, Russian Federation, which killed 118 people, injured an unknown number, and caused significant damage to the building. In 2004, Adam Dekkushev, 42, and Yusuf Krymshamkhalov, 37 were sentenced to life imprisonment for their parts in organizing and perpetrating this bombing, as well as the first Moscow apartment bombing and the Volgodonsk apartment bombing, all in September 1999.",118
2.01E+11,2014,12,17,17-Dec-14,37,Cameroon,14.126195,11.236522,"12/17/2014: Assailants attacked soldiers and residents in Am Chide town, Extreme-North region, Cameroon. The assailants detonated explosives before descending on Am Chide, setting fire to houses and shops. At least 116 attackers and one soldier were killed in the ensuing clash with security forces. Another soldier was reported missing following the attack, but it was unclear if he or she was abducted. No group claimed responsibility; however, sources attributed the incident to Boko Haram.",117
2.00E+11,2004,2,27,27-Feb-04,160,Philippines,120.952293,14.601285,"2/27/2004:  A bomb consisting of eight pounds of TNT planted in a TV set by an  Abu Sayyaf member caused a powerful explosion and large fire that destroyed the Superferry 14 in Manila Bay about an hour after it left Manila, Philippines.  The ferry was carrying 899 passengers and crew, 116 of whom were killed by the attack.  Abu Sayyaf spokesman Abu Soliman and leader Khaddafy Janjalani claimed responsibility for the attack on behalf of the group.",116
2.01E+11,2010,5,28,28-May-10,92,India,86.992203,22.451393,"05/28/2010: On Friday night around 0130, near Jhargram, Midnapore, West Bengal, India, the Calcutta-Mumbai Express passenger train derailed and was hit by a cargo train. At least 115 people were killed and more than 140 were injured. Officials disagreed on the cause of the derailment, with some saying it was caused by an explosion but others blaming sabotaged rail lines. No group claimed responsibility, but a Communist Party of India-Maoist (CPI-M) faction was blamed for the attack. According to police, Umakangta Mahato and Bapi Mahato of the People’s Committee Against Police Atrocities (PCPA) sabotaged the train track which caused the train to derail. The CPI-Maoists denied being involved with the incident. On 08/27/2010, Umakangta Mahato was killed in a clash with security forces in Lodhashuli in Jhargram.",115
2.00E+11,1995,4,4,4-Apr-95,160,Philippines,122.593085,7.78403,,114
2.01E+11,2014,6,9,9-Jun-14,195,Sudan,30.069372,10.900763,"06/09/2014: Assailants attacked military positions in Alatmur region, South Kordofan state, Sudan. Four soldiers and 110 assailants were killed in the attack. The Sudan People's Liberation Movement - North claimed responsibility for the incident.",114
2.01E+11,2014,7,24,24-Jul-14,200,Syria,39.009563,35.951523,"07/24/2014: Two suicide bombers detonated explosives-laden vehicles and assailants stormed a military base in Raqqah city, Raqqah governorate, Syria. In addition to 28 assailants, 86 soldiers, 51 of whom had been taken hostage, were killed in the attack. The Islamic State of Iraq and the Levant (ISIL) claimed responsibility for the incident.",114
2.01E+11,2014,8,1,1-Aug-14,95,Iraq,42.602535,36.76321,"08/01/2014: Assailants attacked security forces in Zummar town, Nineveh governorate, Iraq. At least 14 peshmerga members and 100 assailants were killed in the ensuing clash. The attackers took control of the town and surrounding oil fields the next day, on August 2, 2014. No group claimed responsibility for the incident; however, sources attributed the attack to the Islamic State of Iraq and the Levant (ISIL).",114
2.02E+11,2016,1,4,4-Jan-16,95,Iraq,42.37254,34.160587,"01/04/2016: Assailants attacked joint forces with explosives-laden vehicles and other explosive devices in Hadithah, Al Anbar, Iraq. At least 11 security force members and more than 100 assailants were killed and 30 members were injured in the attack. The Islamic State of Iraq and the Levant (ISIL) claimed responsibility for the incident.",112
2.00E+11,1995,9,11,11-Sep-95,168,Rwanda,29.345272,-1.688016,,111
2.01E+11,2014,12,6,6-Dec-14,200,Syria,40.170864,35.283095,"12/06/2014: A suicide bomber detonated an explosives-laden vehicle near the Syrian Armed Forces (SAF) Airbase outside of Deir ez-Zor city, Deir ez-Zor governorate, Syria. The bombing was followed by projectile fire and clashes between assailants and government forces. At least 111 people, including 51 soldiers and 60 assailants, were killed and an unknown number of people were injured in the assault. No group claimed responsibility; however, sources attributed the attack to the Islamic State of Iraq and the Levant (ISIL).",111
2.02E+11,2016,6,9,9-Jun-16,182,Somalia,45.56049,4.210529,"06/09/2016: A suicide bomber detonated an explosives-laden vehicle at an African Union Mission in Somalia (AMISOM) base of Ethiopian soldiers in Halgan, Hiiraan, Somalia. Following the blast, additional assailants armed with projectiles and firearms then attacked the base. At least 111 people, including nine soldiers and 102 assailants, were killed and an unknown number of others were injured in the ensuing clash. Al-Shabaab claimed responsibility for the incident.",111
2.00E+11,2004,3,2,2-Mar-04,95,Iraq,44.007145,32.604393,"03/02/2004: In related incidents, al-Qaida suicide bombers targeted Shi'ite pilgrims during the holy month of Ashura. A suicide bomber and other perpetrators using non-suicide explosive devices targeted the holy shrine of Hussain in Karbala, Iraq. At least 106 people were killed and 233 injured in the attacks. US military authorities believed Abu Musab al-Zarqawi planned the attack.",110
2.01E+11,2005,2,28,28-Feb-05,95,Iraq,44.416637,32.469238,"02/28/2005: A suicide bomber blew up his car in the middle of a town square in the Shi i town of Al-Hilla, killing 110 people and wounding at least 133 others. Most of the victims were former civil servants trying to reclaim their jobs lost when Saddam Hussein fell from power.",110
2.01E+11,2011,3,28,28-Mar-11,228,Yemen,45.307838,13.219398,"03/28/2011: On Monday, near Ja'ar in Abyan, Yemen, suspected Al Qaeda Organization in the Arabian Peninsula (AQAP) militants lit a cigarette to detonate explosives at an ammunition factory a day after looting weapons from the factory. At least 110 Yemenis were killed and 45 others were injured. An unknown amount of property damage was reported. No group claimed responsibility.",110
2.00E+11,1997,10,19,19-Oct-97,186,Sri Lanka,80.276733,8.885503,"10/19/1997:  A flotilla of approximately 20 small boats belonging to the Liberation Tigers of Tamil Eelam (LTTE) attacked two navy gunboats off the northeast coast of Sri Lanka.  The rebels rammed an explosive-laden boat into one of the navy gunboats, sinking it.  At least nine navy sailors and 100 rebels were killed in the incident.  The LTTE states that it only lost five members in the battle.",109
2.02E+11,2015,10,7,7-Oct-15,147,Nigeria,12.311891,11.485018,"10/07/2015: Assailants attacked a military barracks in Goniri village, Yobe state, Nigeria. At least seven soldiers and 101 assailants were killed and nine soldiers were injured in the ensuing clash. No group claimed responsibility; however, sources attributed the incident to Boko Haram.",108
2.02E+11,2017,5,13,13-May-17,41,Central African Republic,22.814779,4.746876,"05/13/2017: Assailants armed with projectiles and firearms attacked Muslim civilians and a United Nations Multidimensional Integrated Stabilization Mission in the Central African Republic (MINUSCA) base in Tokoyo neighborhood, Bangassou, Mbomou, Central African Republic. At least 108 people, including one MINUSCA peacekeeper, were killed and 76 other people were injured in ensuing clashes that lasted until May 15, 2017. Additionally, approximately 1,000 people were held hostage in a church and were set free on May 15, 2017. No group claimed responsibility; however, sources attributed the incident to the Anti-Balaka Militia.",108
2.02E+11,2015,1,13,13-Jan-15,147,Nigeria,6.683263,12.164619,"01/13/2015: Assailants opened fire on a meeting of vigilantes in Zamfara state, Nigeria. At least 107 people were killed and an unknown number of others were injured in the assault. No group claimed responsibility; however, sources attributed the attack to Boko Haram.",107
2.01E+11,2010,7,9,9-Jul-10,153,Pakistan,71.477429,34.565494,"07/09/2010: On Friday morning, in Yakaghund village, Mohmand, Federally Administered Tribal Areas, Pakistan, two suicide bombers targeted political offices, just seconds after one another resulting in the death of at least 106 and injuring 115. The attackers detonated their explosives near the office of Rasool Khan, a deputy Mohmand administrator, who escaped unharmed. The blast caused a devastating amount of damage to the office building along with shops and houses nearby and electricity and telephone systems near the blast site also collapsed. The Tehrik-e-Taliban Pakistan (TTP) claimed responsibility.",106
2.01E+11,2014,2,15,15-Feb-14,147,Nigeria,13.174035,12.12052,"02/15/2014: Assailants dressed in military uniforms attacked residents in Izghe village, Borno state, Nigeria. At least 106 people were killed and an unknown number of people were wounded. This was one of two such attacks in Borno on this day. No group claimed responsibility for the incident; however, sources attributed it to Boko Haram.",106
2.00E+11,1998,7,21,21-Jul-98,8,Angola,17.997744,-8.767592,"07/21/1998: The National Union for the Total Independence of Angola (UNITA) was suspected and then cleared of an attack on the diamond mining village of Canfuno which killed 105 people. The true perpetrators of this incident were unknown, but it was suspected that the incident was probably the work of diamond gangs.",105
2.02E+11,2015,10,10,10-Oct-15,209,Turkey,32.76754,39.930771,"10/10/2015: Two suicide bombers detonated at a peace rally near the train station in Ankara, Turkey. In addition to the assailants, at least 103 people were killed and 245 people were injured in the blasts. No group claimed responsibility for the incident; however, the assailants were identified as Yunus Emre Alagoz and Omer Deniz Dundar, both believed to be members of Islamic State of Iraq and the Levant (ISIL). Turkish authorities also attributed the attack to the Kurdistan Workers' Party (PKK).",105
2.00E+11,1998,1,1,1-Jan-98,34,Burundi,29.364107,-3.375828,"01/01/1998: Hutu Rebels attacked a Burundi military target at Bujumbura Airport. The attack resulted in 104 fatalities, including 100 perpetrators, and six injuries.",104
2.01E+11,2006,10,16,16-Oct-06,186,Sri Lanka,81.218719,8.577826,"10/16/2006: Liberation Tigers of Tamil Eelam (LTTE) suicide bombers rammed a truck laden with explosives in a Trincomalee bus transit point for Sri Lankan security forces. 103 Sri Lankan soldiers were killed and another 150 were wounded. The soldiers were believed to be unarmed and were on buses en route to posts or leave destinations. 15 buses were present, and two bore the brunt of the damage. No claim of responsibility was immediately forthcoming.",103
2.01E+11,2013,2,8,8-Feb-13,1004,South Sudan,32.97644,7.789235,"02/08/2013: Heavily armed perpetrators attacked villagers migrating with their cattle in Walgak village, Akobo county, Jonglei, South Sudan. More than 100 people died and 14 additional individuals were injured in the fighting. Authorities suspected that the ethnic Murle tribe, particularly the anti-government group, David Yau Yau Militia, was responsible for the incident.",103
2.00E+11,2002,2,17,17-Feb-02,141,Nepal,81.248374,29.14176,"02/17/2002: Nepal Communist Party (Maoist) rebels attacked and set fire to government buildings in Mangalsen, Nepal. Forty-nine Nepalese policemen and 48 Nepalese soldiers were killed in the attack. Others killed included three government officials and two civilians. Injuries to both sides were unknown. This attack appeared coordinated with an attack later in the day on an airport in Sanphebaga.",102
2.01E+11,2009,8,19,19-Aug-09,95,Iraq,44.371773,33.303566,"08/19/2009: On Wednesday morning between 1030 and 1100, in the Ar Rusafa and Al Karkh districts of Baghdad, Iraq, a suicide bomber detonated a vehicle-borne improvised explosive device (VBIED) on an overpass near the Finance Ministry in the central Bab al Muazzam neighborhood. Simultaneously, assailants detonated a VBIED outside the Foreign Ministry near the central International (Green) Zone, killing 101 government employees, civilians, and children; wounding 552 government employees, civilians, and children; and damaging one overpass, scores of vehicles, three government buildings, at least one hundred residences including apartment buildings, one school, one hotel, and over at lease one hundred other buildings. Authorities discovered and safely defused two more VBIEDs near the Foreign Ministry. The Islamic State of Iraq (ISI) claimed responsibility, but authorities also blamed Baathists from the former regime.",102
2.00E+11,2002,10,12,12-Oct-02,93,Indonesia,115.17229,-8.722791,"10/12/2002: A bomb left in a bag Paddy's Bar in Kuta, Bali exploded, blowing out shop windows up to 500 yards away. At the time of this attack another bomb exploded in a van that was parked outside of the Sari Club, opposite Paddy's. 202 people were killed and 300 estimated injured from the simultaneous attacks. Nearly three-quarters of the victims were foreigners and most were in the crowded bars in the Bali district. The explosion was blamed on the Jemaah Islamiyah, but al-Qaida claimed credit for the attack.",101
2.00E+11,2002,10,12,12-Oct-02,93,Indonesia,115.17229,-8.722791,"10/12/2002: A bomb placed in a van parked outside of the Sari Club in Kuta, Bali exploded, blowing out shop windows up to 500 yards away. At the time of this attack another bomb exploded in Paddy's Bar, opposite the Sari Club. 202 people were killed and 300 estimated injured from the simultaneous attacks. Nearly three-quarters of the victims were foreigners and most were in the crowded bars in the Bali district. The explosion was blamed on the Jemaah Islamiyah, but al-Qaida claimed credit for the attack. On January 29, 2004, one Islamic militant, Sarjiyo, was jailed for life for making the bombs used in this attack. Sarjiyo was found guilty of mixing the chemicals used in the attack and packing the explosives into the back of the van.",101
2.01E+11,2008,2,17,17-Feb-08,4,Afghanistan,65.742226,31.631083,"02/17/2008:  A suicide bomber detonated an explosive at a dog fight in the Bagh-e Pol area of Kandahar, which killed approximately 100 people and injured approximately 100 people; the casualties included both men and children. Several police vans were damaged and at least one dog was killed. Authorities are fairly certain that the target of this attack was Abdul Hakim Jan, an anti-Taliban militia leader, who attended the match. Although it was initially suspected that the Taliban carried out this attack, which they adamantly denied, a Taliban splinter group named Jaysh al-Muslimin (Army of the Muslims), led by Mullah Sayed Mohammad, claimed responsibility and seven members of said group were arrested in connection with this attack along with two other suicide attacks in Kandahar.",101
2.01E+11,2011,10,4,4-Oct-11,182,Somalia,45.326115,2.059819,"10/04/2011: On Tuesday, in Mogadishu, Banaadir, Somalia, at least 100 people were killed and more than 160 people were injured when a Somali national, Bashar Abdulahi Nur, detonated a suicide vehicle borne improvised explosive device (SVBIED) targeting the compound that houses several Somali government ministries. The SVBIED was made of a truck that had been loaded with drums of fuel. The attack caused an unknown amount of material damage. The militant group Al-Shabaab claimed responsibility for the attack by unknown means.",101
2.01E+11,2014,5,17,17-May-14,147,Nigeria,12.497848,11.806517,"05/17/2014: Assailants attempted to take control of the Damaturu-Benishek-Maiduguri road in Borno state, Nigeria. At least 101 civilians and an unknown number of assailants were killed and six soldiers were injured in the ensuing clash with military forces. No group claimed responsibility for the incident; however, sources attributed the attack to Boko Haram.",101
2.01E+11,2014,9,6,6-Sep-14,37,Cameroon,14.224362,12.379026,"09/06/2014: Assailants attacked the border town of Fotokol, Extreme-North region, Cameroon. At least 101 assailants were killed in retaliatory mortar fire from the Cameroon Army. No group claimed responsibility for the incident; however, sources attributed the attack to Boko Haram.",101
2.02E+11,2015,2,1,1-Feb-15,147,Nigeria,13.091964,12.19103,"02/01/2015: Assailants attacked soldiers with firearms and explosives in Tungushe town, Borno state, Nigeria. Security forces repelled the assault, killing at least 101 assailants. No group claimed responsibility; however, sources attributed the incident to Boko Haram.",101
2.00E+11,1996,5,12,12-May-96,604,Zaire,29.220455,-1.658501,,100
2.00E+11,1998,11,8,8-Nov-98,177,Sierra Leone,-12.103217,9.335122,"11/08/1998: The Revolutionary United Front (RUF) was suspected of attacking Gbendembu, Sierra Leone, killing more than 100 civilians. No further information was provided on this incident.",100
2.00E+11,1999,6,19,19-Jun-99,147,Nigeria,10.816375,7.73173,"06/19/1999: Unidentified armed bandits, suspected to be from neighboring Chad and Niger, killed over 100 people in Taraba state, Nigeria. Over 200 victims received treatment at the Taraba state hospital in Jalingo. Reports noted that nursing mothers and babies were primarily affected by the attack, suffering serious wounds that were inflicted by machetes.",100
2.00E+11,2003,8,29,29-Aug-03,95,Iraq,44.330818,32.000596,"08/29/2003: A car bomb detonated near the Tomb of Ali in Najaf, Iraq, killing more than 100 people and injured over 200 others. Among the dead was Ayatollah Mohammad Baqer al-Hakim, a leader Shi ite cleric and the head of the Iran-backed Supreme Assembly of the Islamic Revolution in Iraq (SAIRI). Initial reports indicate that the perpetrators were linked to al Qaida and in 2007 Oras Muhammad Abdul-Aziz, a suspected member of al Qaida in Iraq confessed to his involvement in the bombing and was executed in Iraq.",100
2.01E+11,2006,8,5,5-Aug-06,186,Sri Lanka,81.268402,8.457907,"08/05/2006: The Liberation Tigers of Tamil Eelam (LTTE) have massacred over 100 civilians fleeing the fighting between the rebels and the security forces in the town of Muttur in Trinvomalee district, Sri Lanka.",100
2.01E+11,2007,11,2,2-Nov-07,65,Ethiopia,42.056609,4.180091,"11/02/2007: Al-Shabaab claimed a hotel blast in Dolo, Ethiopia, in connection with the insurgency in and around Mogadishu, Somalia. They used chain explosions. The militants claimed that over 100 Tigrayans (Ethiopian soldiers) were killed and countless others were wounded. Their claim was not confirmed.",100
2.01E+11,2009,8,6,6-Aug-09,229,Democratic Republic of the Congo,27.895218,3.692178,"08/06/2009: On Thursday, in Niangara, Orientale, Congo (Kinshasa), assailants kidnapped approximately 100 civilians. On 08/14/2009 a mass grave was discovered which contained the bodies of the victims which were believed to have been brutally murdered before being thrown into the mass grave. No group claimed responsibility, although it was widely believed the Lord's Resistance Army (LRA) was responsible.",100
2.01E+11,2010,1,1,1-Jan-10,153,Pakistan,70.965876,32.431245,"01/01/2010: On Friday, unidentified militants detonated a suicide black double-cabin pick-up vehicle car bomb packed with about 250 kilograms of high explosives in the middle of a field, which was targeting a crowd watching a volleyball match in Shah Hasan Khan in Lakki Marwat of Bannu, North West Frontier Province, Pakistan. The bomber drove up into a crowd of spectators watching the volleyball match and detonated his explosives. A second vehicle possibly carrying a bomb fled to an unknown location. Ninety-nine civilians were killed and 87 others were wounded. Six children and five paramilitary soldiers were among those killed in the attack. More than 20 houses in the village were also destroyed by the blast. A nearby mosque was also damaged and some people inside were killed, four paramilitary soldiers were among the dead. No group claimed responsibility, however security forces claim the attack was carried out by pro-Taliban militants. Police have reportedly arrested 41 suspects and are interrogating them.",100
2.01E+11,2014,6,3,3-Jun-14,147,Nigeria,13.813551,11.107849,"06/03/2014: Assailants attacked villagers and buildings in Attagara village, Borno state, Nigeria. This was one of four similar attacks carried out on villages by the same group. At least 400 people were killed and an unknown number of buildings were set on fire during the attacks. No group claimed responsibility for the incidents; however, sources attributed the attacks to Boko Haram.",100
2.01E+11,2014,6,3,3-Jun-14,147,Nigeria,13.682182,11.083973,"06/03/2014: Assailants attacked residents and buildings in Aganjara village, Borno state, Nigeria. This was one of four similar attacks carried out on villages by the same group. At least 400 people were killed and an unknown number of buildings were set on fire during the attacks. No group claimed responsibility for the incidents; however, sources attributed the attacks to Boko Haram.",100
2.01E+11,2014,6,3,3-Jun-14,147,Nigeria,13.78975,11.126492,"06/03/2014: Assailants attacked residents and buildings in Ngoshe village, Borno state, Nigeria. This was one of four similar attacks carried out on villages by the same group. At least 400 people were killed and an unknown number of buildings were set on fire during the attacks. No group claimed responsibility for the incidents; however, sources attributed the attacks to Boko Haram.",100
2.01E+11,2014,6,3,3-Jun-14,147,Nigeria,13.813551,11.107849,"06/03/2014: Assailants attacked villagers and buildings in Agapalwa village, Borno state, Nigeria. This was one of four similar attacks carried out on villages by the same group. At least 400 people were killed and an unknown number of buildings were set on fire during the attacks. No group claimed responsibility for the incidents; however, sources attributed the attacks to Boko Haram.",100
2.01E+11,2014,7,18,18-Jul-14,147,Nigeria,12.758704,11.151905,"07/18/2014: Assailants opened fire on residents in Damboa town, Borno state, Nigeria. At least 100 people were killed and an unknown number of people were injured in the attack. Boko Haram claimed responsibility for the incident.",100
2.01E+11,2014,8,6,6-Aug-14,147,Nigeria,13.693092,11.083983,"08/06/2014: Assailants attacked residents and buildings in Gwoza town, Borno state, Nigeria. At least 100 people were killed and an unknown number of buildings, including churches and police and government headquarters, were set on fire. No group claimed responsibility for the incident; however, sources attributed the attack to Boko Haram.",100
2.02E+11,2015,10,12,12-Oct-15,4,Afghanistan,68.415329,33.542622,"10/12/2015: Assailants attacked security forces on the Kabul-Kandahar highway in the Nawrak area, near Ghazni city, Ghazni province, Afghanistan. At least 10 civilians and 90 assailants were killed and 51 assailants were injured in the ensuing clashes. The Taliban claimed responsibility for the incident.",100
2.02E+11,2016,9,12,12-Sep-16,95,Iraq,43.058433,35.904295,"09/12/2016: Assailants and suicide bombers equipped with explosives-laden vehicles attacked police forces in Barari, Nineveh, Iraq. At least 100 assailants were killed and an unknown number of assailants were injured as security forces repelled the assault. No group claimed responsibility for the incident; however, sources attributed the attack to the Islamic State of Iraq and the Levant (ISIL).",100
2.02E+11,2016,10,28,28-Oct-16,95,Iraq,43.2551,36.158558,"10/28/2016: Assailants kidnapped and executed 100 former police officers near Hammam al-Alil, Nineveh, Iraq. No group claimed responsibility for the incident; however, sources attributed the attack to the Islamic State of Iraq and the Levant (ISIL).",100
2.02E+11,2017,6,20,20-Jun-17,41,Central African Republic,21.991001,6.539036,"06/20/2017: Assailants attacked Popular Front for the Renaissance of the Central African Republic (FPRC) members in Bria, Haute-Kotto, Central African Republic. At least 100 people, including fighters and civilians, were killed and an unknown number of people were injured in the ensuing clash. No group claimed responsibility for the incident; however, sources attributed the attack to the Anti-Balaka militia.",100
2.02E+11,2017,6,21,21-Jun-17,95,Iraq,43.14357,36.354145,"06/21/2017: Assailants detonated explosives at the Great Mosque of al-Nuri in Mosul, Nineveh, Iraq. At least 100 people were killed and an unknown number were injured, while the mosque was destroyed in the blast. No group claimed responsibility for the incident; however, sources attributed the attack to the Islamic State of Iraq and the Levant (ISIL). ISIL denied responsibility and claimed that United States aircraft were responsible for the incident.",100
2.02E+11,2016,11,24,24-Nov-16,95,Iraq,44.918747,32.325195,"11/24/2016: A suicide bomber detonated an explosives-laden vehicle targeting buses carrying pilgrims in Shomali, Babil, Iraq. In addition to the assailant, at least 97 people were killed and 20 people were injured in the blast. The Islamic State of Iraq and the Levant (ISIL) claimed responsibility for the incident.",98
2.00E+11,1996,9,10,10-Sep-96,153,Pakistan,70.107536,33.897995,,97
2.01E+11,2012,5,21,21-May-12,228,Yemen,44.211895,15.325443,"05/21/2012: A suicide bomber wearing a military outfit detonated among soldiers on a military base in Sanaa city, Amanat Al Asimah governorate, Yemen. Ninety-seven people were killed, including the bomber, while 300 soldiers were injured in the attack. Ansar al-Sharia, a subgroup of Al-Qa'ida in the Arabian Peninsula (AQAP), claimed responsibility for the attack, stating that the bombing was carried out in revenge for the United States-backed war on the organization in southern Yemen.",97
2.02E+11,2015,7,1,1-Jul-15,147,Nigeria,13.566111,12.924722,"07/01/2015: Assailants attacked residents in mosques and in their homes in Kukawa village, Borno state, Nigeria. At least 97 people were killed and an unknown number were injured in the raid. No group claimed responsibility; however, sources attributed the incident to Boko Haram.",97
2.02E+11,2015,9,1,1-Sep-15,182,Somalia,44.695141,1.808302,"09/01/2015: A suicide bomber detonated an explosives-laden vehicle and several assailants stormed an African Union Mission in Somalia (AMISOM) base in Janale town, Lower Shebelle region, Somalia. At least 96 people, including 50 soldiers and 46 assailants, were killed and one soldier was abducted in the attack. The hostage was executed on January 18, 2016. This was one of three coordinated attacks on the same date. Al-Shabaab claimed responsibility for the incident and stated that the attack was carried out in retaliation for the killing of civilians by AMISOM troops.",97
2.02E+11,2016,8,4,4-Aug-16,95,Iraq,43.767265,35.325105,"08/04/2016: Assailants abducted 3,000 fleeing civilians in Hawijah district, Kirkuk, Iraq. At least 12 hostages were killed shortly after the kidnapping while an additional 85 victims were executed on August 6, 2016. The fate of the remaining captives is unknown. No group claimed responsibility; however, sources attributed the incident to the Islamic State of Iraq and the Levant (ISIL).",97
2.00E+11,1998,11,9,9-Nov-98,177,Sierra Leone,-11.706829,9.350089,"11/09/1998: Ninety-six people were killed by suspected Revolutionary United Front (RUF) and Armed Forces Revolutionary Council (AFRC) members in Samaya, Sierra Leone. Twelve others were injured in the attack.",96
2.01E+11,2007,7,10,10-Jul-07,153,Pakistan,73.056068,33.671638,"7/10/2007:  Armed assailants, wiedling unspecified firearms, fired upon and killed 85 civillians and ten soldiers at the Laj Masjid in Islamabad, Pakistan.  Forty-four soliders were wounded and the mosque was sustained damage.  No group has claimed responability though it was widely believed that Islamic extremists were responsible. The same mosque had been attacked just six days earlier.",96
2.01E+11,2010,11,5,5-Nov-10,153,Pakistan,71.516037,33.68745,"11/05/2010: On Friday afternoon, in Dara Adam Khel, Khyber Pakhtunkhwa, Pakistan, in an attack organized by the Tariq Afridi group for retaliation against the murder of four of their men killed by the Momin Afridi faction, a suicide bomber detonated his explosives in a mosque during the Friday prayers killing 95 people and wounding 27, as well as tearing the roof off the main hall. Tariq Afridi group, which is part of the Tehrik-e-Taliban Pakistan (TTP), claimed responsibility.",96
2.01E+11,2014,2,19,19-Feb-14,147,Nigeria,13.69271,11.526846,"02/19/2014: Assailants used firearms and explosives to attack residents in Bama town, Borno state, Nigeria. At least 96 people were killed and an unknown number of people were wounded in the attack. In addition, an unknown number of buildings, including the palace of the traditional ruler, were set on fire and destroyed. No group claimed responsibility for the incident; however, sources attributed the attack to Boko Haram.",96
2.00E+11,2001,5,5,5-May-01,8,Angola,13.664153,-8.579318,"05/05/2001: The National Union for the Total Independence of Angola (UNITA) attacked Caxito, Angola, in the Bengo Province. It was believed that UNITA attacked to destroy a bridge over the Dange River to disrupt the flow of good between the Zaire and Uige provinces. The attack resulted in the death of at least 76 civilians with another 20 injured and 120 kidnapped. At least 60 of the 120 kidnapped were students from the Development Aid of the People for the People. The Angolan Armed Forces rescued 21 of the kidnapped students six days after the attack. 19 rebels from the National Union for the Total Independence of Angola were killed in the attack.",95
2.02E+11,2015,3,15,15-Mar-15,147,Nigeria,7.854722,7.905833,"03/15/2015: Assailants attacked residents and buildings in Egba village, Benue state, Nigeria. At least 95 people were killed and an unknown number of others were injured during the raid. No group claimed responsibility for the incident; however, sources attributed the attack to Fulani militants.",95
2.00E+11,1995,12,23,23-Dec-95,186,Sri Lanka,81.700188,7.716666,,93
2.00E+11,1997,4,22,22-Apr-97,6,Algeria,2.655846472,28.35096974,,93
2.02E+11,2015,11,13,13-Nov-15,69,France,2.34233,48.856644,"11/13/2015: Three suicide bombers opened fire on Bataclan concert hall, where an Eagles of Death Metal concert was being held, in 11th arrondissement, Paris, France. In addition to the three bombers, at least 90 people were killed and 200 others were injured in the attack. Additionally, at least 20 civilians were taken hostage for two hours during the incident. This was one of eight coordinated attacks carried out in Paris on the same day. Later reports state that an additional 132 people were injured across all eight incidents. The Islamic State of Iraq and the Levant (ISIL) claimed responsibility and stated that the attacks were carried out in retaliation for France's participation in the United States-led coalition that carried out airstrikes on ISIL targets in Iraq and Syria.",93
2.02E+11,2017,1,3,3-Jan-17,95,Iraq,43.14357,36.354145,"01/03/2017: Assailants equipped with explosives-laden vehicles attacked Iraqi Army soldiers in southeastern Mosul, Nineveh, Iraq. Security forces repelled the assault, killing 93 assailants. This was one of three coordinated incidents in Mosul on the same day. No group claimed responsibility; however, sources attributed the attacks to the Islamic State of Iraq and the Levant (ISIL).",93
2.02E+11,2017,5,31,31-May-17,4,Afghanistan,69.147011,34.516895,"05/31/2017: A suicide bomber detonated an explosives-laden sewage tanker near Zanbaq Square in Wazir Akbar Khan, Kabul, Afghanistan. In addition to the assailant, at least 92 people were killed and an additional 491 people, including 11 United States citizens, were injured in the blast. The Khorasan Chapter of the Islamic State claimed responsibility for the incident, though sources doubted the veracity of this claim. Sources also attributed the attack to the Haqqani Network, which denied involvement.",93
2.01E+11,2007,3,6,6-Mar-07,95,Iraq,44.416637,32.469238,"03/06/2007: Two suicide bombings killed at least 90 Shi i pilgrims and wounded over 200 in Al Hillah, Babil, Iraq when two attackers wearing explosive belts blew themselves up near crowds travelling to Karbala. The Islamic State of Iraq claimed responsibility for the attack.",92
2.02E+11,2017,11,30,30-Nov-17,1004,South Sudan,30.146123,8.301305,"11/30/2017: Assailants attacked South Sudanese soldiers in Leer, Southern Liech, South Sudan. At least 92 assailants were killed in the ensuing clash. The Sudan People's Liberation Movement in Opposition (SPLM-IO) claimed responsibility for the incident; however, a spokesperson for the group stated that the South Sudanese military initiated the fighting.",92
2.00E+11,1996,7,12,12-Jul-96,213,Uganda,33.516667,1.833333,,91
2.01E+11,2005,7,23,23-Jul-05,60,Egypt,34.329886,27.915557,"07/23/2005: Three suicide car bombs exploded at the Egyptian resort of Sharm el-Sheikh, killing eighty-eight people, including nine foreigners and injuring one hundred and ten others, including twenty foreigners. Al-Qaida in Levant and Egypt claimed responsibility for the attacks on the internet, but could not be confirmed. Hotels and houses in the region were severely damaged and destroyed.",91
2.01E+11,2013,2,16,16-Feb-13,153,Pakistan,66.994354,30.200819,"02/16/2013: An explosives-laden water tanker detonated in a vegetable market in Quetta, Balochistan province, Pakistan. The blast killed 91 people and wounded at least 169 others. Lashkar-e-Jhangvi claimed responsibility for the incident, stating that the blast was meant to kill members of Pakistan's minority Hazara community. In a responsive police operation, four alleged assailants were killed, including the suspected mastermind of the attack, Shah Wali. On Friday, February 22, Pakistani officials announced that they had arrested the leader of Lashkar-e-Jhangvi, Malik Ishaq, in connection with the blast.",91
2.01E+11,2014,11,8,8-Nov-14,182,Somalia,42.155462,-0.872426,"11/08/2014: Assailants attacked Raskamboni Movement and Jubaland Forces (JF) members on Kudhaa Island, Lower Juba region, Somalia. At least 91 people were killed in the ensuing clash. Two of the deceased civilians had publicly been executed. Al-Shabaab claimed responsibility for the incident and stated that the attack was carried out in order to re-take control of Kudhaa Island.",91
2.02E+11,2017,2,16,16-Feb-17,153,Pakistan,67.860947,26.421478,"02/16/2017: A suicide bomber detonated at Lal Shahbaz Qalandar Sufi Shrine in Sehwan, Sindh, Pakistan. In addition to the assailant, at least 90 people were killed and over 350 other people were injured in the blast. The Khorasan Chapter of the Islamic State and the Jamaat-ul-Ahrar faction of Tehrik-i-Taliban Pakistan (TTP) separately claimed responsibility for the attack. Sources also attributed the incident to the Hafeez Brohi Group.",91
2.00E+11,1996,1,31,31-Jan-96,186,Sri Lanka,79.861687,6.941837,,90
2.00E+11,1999,9,9,9-Sep-99,167,Russia,37.579914,55.751377,"09/09/1999: Chechen rebels were suspected of planting a bomb at an apartment building on Guryanova Street in the Pechatniky neighborhood in southeast Moscow, Russian Federation, which killed 90 people, injured at least 180 others and caused significant damage to the building. Witnesses said they saw four men, who were carrying heavy bags, leave the building by car shortly before the explosion. In 2004, Adam Dekkushev, 42, and Yusuf Krymshamkhalov, 37 were sentenced to life imprisonment for their parts in organizing and perpetrating this bombing, as well as the second Moscow apartment bombing and the Volgodonsk apartment bombing, all in September 1999.",90
2.01E+11,2006,4,7,7-Apr-06,95,Iraq,44.371773,33.303566,"04/07/2006: Three suicide bombers, the first wearing women's cloaks, struck first at the gate of a Shi'a mosque belonging to the Superior Council of Islamic Revolution in Iraq, the Buratha Mosque, where female worshippers are searched before being allowed to enter the mosque's grounds. In the confusion after the initial blast, 2 other bombers ran into the mosque and exploded a suicide vest, one in near the prayer leaders office and the other in the main prayer hall. Ninety people were killed and over 160 wounded in the attack.",90
2.01E+11,2007,11,18,18-Nov-07,153,Pakistan,70.107536,33.897995,"11/18/2007: At least 90 were killed and approximately 150 were wounded in sectarian clashes along the Afghanistan-Pakistan border. Most of the fighting was concentrated in the town of Parachinar, capital of Kurram Agency in Pakistan. The conflict was between Sunni and Shi i Muslims.",90
2.01E+11,2008,2,1,1-Feb-08,95,Iraq,44.371773,33.303566,"02/01/2008:  Two bombs, attached to two mentally disabled women, were detonated in a crowded marketplace in Baghdad, Iraq, killing 90 people and injuring 130. Although it has not claimed responsibility for the attack, al-Qaida is suspected.",90
2.01E+11,2014,12,14,14-Dec-14,200,Syria,36.701914,35.644217,"12/14/2014: Assailants opened fire on the Syrian Army Wadi al-Dayf Base near Murrat al-Numan town, Idlib governorate, Syria. This was one of two attacks targeting military bases in Idlib on the same day. At least 180 people, including 100 soldiers and 80 assailants, were killed and an unknown number of others were injured in the assault that ended the following day, on December 15, 2014. Al-Nusrah Front and Ahrar al-Sham of the Islamic Front (Syria) claimed responsibility for the incidents. Additionally, sources attributed the attacks to the Free Syrian Army.",90
2.01E+11,2014,12,14,14-Dec-14,200,Syria,36.655267,35.616253,"12/14/2014: Assailants opened fire on the Syrian Army Hamidiyeh Base in Hamidiyah town, Idlib governorate, Syria. At least 15 soldiers were taken hostage and their whereabouts are unknown. This was one of two attacks targeting military bases in Idlib on the same day. At least 180 people, including 100 soldiers and 80 assailants, were killed and an unknown number of others were injured in the assault that ended the following day, on December 15, 2014. Al-Nusrah Front and Ahrar al-Sham of the Islamic Front (Syria) claimed responsibility for the incidents. Additionally, sources attributed the attacks to the Free Syrian Army.",90
2.02E+11,2015,2,16,16-Feb-15,37,Cameroon,14.568441,11.398364,"02/16/2015: Assailants attacked a military camp in Waza district, Extreme-North region, Cameroon. At least four soldiers and 86 assailants were killed and ten soldiers and an unknown number of assailants were injured in the attack. No group claimed responsibility for the incident; however, sources attributed it to Boko Haram.",90
2.02E+11,2016,10,11,11-Oct-16,4,Afghanistan,64.31221,31.680202,"10/11/2016: Assailants attacked security forces as they were retreating in Chah Anjeer, Helmand, Afghanistan. At least 90 soldiers and police officers were killed in the attack. In addition, an unknown number of people were taken hostage in the assault. The outcome of the kidnapping is unknown. The Taliban claimed responsibility for the incident.",90
